Id,Insult
1,0.17176524053463291
2,0.83091562513249451
3,0.037451581230372732
4,0.45233743755518918
5,0.98507194283784016
6,0.65252483123992777
7,0.14031762135933173
8,0.077585337059634343
9,0.46792639189868973
10,0.66939003483972848
11,0.24896448753557349
12,0.90136850876853059
13,0.030175406593715506
14,0.23646717967363756
15,0.98786115982372036
16,0.15922438492613225
17,0.079038624978669786
18,0.21281170764057508
19,0.44789896969244469
20,0.092131417578180802
21,0.73535378726170952
22,0.18300520537956347
23,0.24028977845754187
24,0.016829560633294407
25,0.11564550132331319
26,0.91853685604972723
27,0.26731578024968827
28,0.13942337388055187
29,0.22686365329847757
30,0.16272663123000503
31,0.25723608929282393
32,0.060021221394312096
33,0.10294966857136198
34,0.12666873268311335
35,0.9917561969811548
36,0.22849723010471121
37,0.21049419944172998
38,0.91128290926961653
39,0.075363802020315077
40,0.80707905822727966
41,0.81756619604710656
42,0.00025860095019158633
43,0.27359513671413788
44,0.041076696879186254
45,0.13043118839231943
46,0.016638722841475495
47,0.017324612625289663
48,0.18517261160708801
49,0.28973127600078846
50,0.12671691938265067
51,0.14209767764489872
52,0.10510493797060315
53,0.089008985044190775
54,0.15178614102323967
55,0.057121180665199917
56,0.96131666499984147
57,0.32156186020285027
58,0.27479078588632427
59,0.12986727945187351
60,0.024319277342150426
61,0.047980550300999993
62,0.018971588728068648
63,0.080784446053675671
64,0.20870828952119527
65,0.58381822146973117
66,0.41238978153109596
67,0.15922438492613225
68,0.084610119902441508
69,0.20067269179577063
70,0.99996902558070488
71,0.6876299326849683
72,0.12609140083516251
73,0.10326516899890564
74,0.050603387198977792
75,0.86919283183433915
76,0.82725840347800228
77,0.12988855922052397
78,0.24748564841739323
79,0.59807792409711125
80,0.065616826856682409
81,0.80507564789291652
82,0.045760965476454231
83,0.20917580252917961
84,0.15922438492613225
85,0.11320392664444656
86,0.039620705039068844
87,0.11238889256986702
88,0.10865219485540341
89,0.11138761366383911
90,0.10060653372821916
91,0.10528388587926285
92,0.07460351559300768
93,0.13555364676945711
94,0.40192644170122116
95,0.24081829804210941
96,0.25115780815050059
97,0.69975187891309765
98,0.16830880487401623
99,0.10545619035637473
100,0.10022181014701988
101,0.29017476589134245
102,0.67824629859391006
103,0.22197554918012027
104,0.17539638249495479
105,0.23599171481904727
106,0.47493897698483961
107,0.49179335044015587
108,0.14385079454073946
109,0.94204676752899508
110,0.3684003150828018
111,0.14810423281946455
112,0.8185414221201518
113,0.71316912541044342
114,0.88897164054290323
115,0.33469004266117364
116,0.98183070022830377
117,0.10212778094682326
118,0.15922438492613225
119,0.88089676821854013
120,0.090965931962944488
121,0.11604449750545114
122,0.23953822098768909
123,0.077739261370352808
124,0.53439099837000581
125,0.12832331010120335
126,0.11582116962914711
127,0.91358407042003709
128,0.11309451704561327
129,0.083542005426691476
130,0.16141593814382191
131,0.076587482531294632
132,0.096574695805476965
133,0.10447265959652159
134,0.45301827346591794
135,0.15338311876343991
136,0.059088791297837326
137,0.82228400614773678
138,0.38747074886510113
139,0.12731952711294675
140,0.14347523277325056
141,0.10992868385184476
142,0.9377725133230439
143,0.30101743170715511
144,0.089131233691159314
145,0.22857781178458209
146,0.011986759510583755
147,0.26571473587784683
148,0.81310163920106915
149,0.075191945383001044
150,0.40215452340124963
151,0.15922438492613225
152,0.54235472905421001
153,0.094438599760903075
154,0.22538892459254917
155,0.1490026598763729
156,0.0097721526921518229
157,0.90868437059211515
158,0.15922438492613225
159,0.25027930004819071
160,0.86059379985469187
161,0.15212908217523918
162,0.1244290334973961
163,0.75474903929896231
164,0.10459864346214456
165,0.7301998088472661
166,0.37417721996631198
167,0.033689342020680954
168,0.75565741356874139
169,0.99993941636639916
170,0.13315961133381046
171,0.78200575880327117
172,0.14705921679800432
173,0.15906164476200677
174,0.99245846633052848
175,0.4055999023862078
176,0.94653031848313851
177,0.38227507384723725
178,0.14790624765800062
179,0.67534747942121265
180,0.69265135930694688
181,0.02108829491226847
182,0.13365658073995104
183,0.3102983892127234
184,0.41359643148385933
185,0.16435105955240187
186,0.15052130889954846
187,0.1011487356933629
188,0.070365381637552751
189,0.99446153660465864
190,0.1253958376405884
191,0.15922438492613225
192,0.98972160692295952
193,0.084414659260724501
194,0.085327004185522332
195,0.15241720860144134
196,0.41423238065100582
197,0.16212934039402668
198,0.030270859200512115
199,0.65691913992985107
200,0.28580491897098409
201,0.086494932370814501
202,0.17091267845455646
203,0.78861570693038563
204,0.19297115264838746
205,0.96717115846772972
206,0.38133456451975395
207,0.11800949763497488
208,0.86662545016253378
209,0.057887726821371693
210,0.099905659465215457
211,0.17370853164326663
212,0.42066726987224445
213,0.66694423835702454
214,0.45490207257880011
215,0.26123586221333717
216,0.097145735669426886
217,0.49393270171529785
218,0.99022640498198522
219,0.060909370322571904
220,0.20272253915344429
221,0.2168074465732549
222,0.50509989011778111
223,0.40057121475345936
224,0.73147509897116647
225,0.99535993476124451
226,0.15922438492613225
227,0.18166070576575061
228,0.11744173130922667
229,0.80803133723804121
230,0.042449419074671965
231,0.12191547808611301
232,0.11824033765140499
233,0.12109167331827582
234,0.088134023249002449
235,0.78780328898457086
236,0.080654658084011732
237,0.17581248066334285
238,0.93493692002207618
239,0.19183134874611313
240,0.82227186541246655
241,0.030307956127113726
242,0.024298125090019867
243,0.56742885073928273
244,0.21257987550717206
245,0.56940489329615562
246,0.059258465246507193
247,0.17706156902962605
248,0.52154166135645008
249,0.49981675521103114
250,0.3197597831499851
251,0.80091986820190197
252,0.50292554306896542
253,0.064355965898715978
254,0.74674777411085025
255,0.026324920347575768
256,0.081718649850660852
257,0.15922438492613225
258,0.01296467225360501
259,0.48575938265760993
260,0.15922438492613225
261,0.068539415668656845
262,0.33409791996966542
263,0.0993414804573758
264,0.0039411640085502929
265,0.49581414658208278
266,0.044188924762280264
267,0.75222888989864856
268,0.82777536420454412
269,0.62227879709845102
270,0.98079855364487789
271,0.069894311517575317
272,0.0386292884439653
273,0.161700429292575
274,0.087914336678900737
275,0.06236724028977074
276,0.17745861986622047
277,0.1364076443016157
278,0.097895119779850326
279,0.15891325989417773
280,0.97644171901538812
281,0.0085892642345933787
282,0.14184043622117454
283,0.39712726575011076
284,1.9532672090716677e-05
285,0.056789106257455965
286,0.90560475986734934
287,0.30912558919439165
288,0.1306513197561269
289,0.30911413592305564
290,0.48096863558022268
291,0.81342198135269506
292,0.15949700060972347
293,0.19822045647992126
294,0.1650444964808517
295,0.68788085010316324
296,0.94979130472391848
297,0.11425052268429704
298,0.85711032337046433
299,0.035804714530027697
300,0.14622540305022511
301,0.11425052268429704
302,0.074582339933394942
303,0.10610133383178555
304,0.19908476632678768
305,0.15922438492613225
306,0.18379216872969142
307,0.75828774414434308
308,0.12771316500856528
309,0.8467513274002213
310,0.3197597831499851
311,0.54090989870869854
312,0.021705743554560272
313,0.049714502194770152
314,0.44294240754252723
315,0.99989051622108671
316,0.1691581933335766
317,0.93578716822371533
318,0.062902681788049086
319,0.017062464975730929
320,0.8467513274002213
321,0.11554261751640903
322,0.16976463498272804
323,0.070342745631990958
324,0.30121015760815517
325,0.44280734775267333
326,0.59452569754966345
327,0.31107041460649254
328,0.091471272665282613
329,0.87001957154227316
330,0.78816138132334879
331,0.29662663512961668
332,0.062618910306791217
333,0.20892277550092977
334,0.23055636591674641
335,0.15922438492613225
336,0.30305336903834501
337,0.62316303076283186
338,0.064617386418910197
339,0.21906289630756015
340,0.012105336390324113
341,0.8748768152012415
342,0.1990670345684461
343,0.24216748620879208
344,0.32784261728951297
345,0.7081414599106467
346,0.10202159461807193
347,0.51924485535889531
348,0.11830972548548596
349,0.03813299345823911
350,0.075885255888220093
351,0.089893615364467813
352,0.25249647947626835
353,0.1152193376071687
354,0.022326147502403838
355,0.016545317584309435
356,0.99989955798807273
357,0.073684003050621658
358,0.16633499545322067
359,0.17553980828940388
360,0.058497011191914847
361,0.09121528618990668
362,0.068257441677126537
363,0.10614666258577213
364,0.042062472730184271
365,0.026030975184388998
366,0.99708387064653636
367,0.64712452299932788
368,0.29111661279923268
369,0.22659843382248637
370,0.15922443684038567
371,0.26245146856532992
372,0.2304085709411047
373,0.089996502264631059
374,0.65951035378508494
375,0.029100501285709342
376,0.47229075879518362
377,0.00096443606862071224
378,0.79223040638534292
379,0.13149565664692378
380,0.10640872218885489
381,0.23408653069041496
382,0.25733008352480125
383,0.048848953468244645
384,0.051329325490784082
385,0.45872111179345693
386,0.091934342840015809
387,0.21736095263193361
388,0.99933243284326623
389,0.10171992855686789
390,0.068473441727793516
391,0.10606635643675442
392,0.090249540905675413
393,0.064832806396716791
394,0.17584329262217685
395,0.099522602533561835
396,0.83091562513249451
397,0.055012676216816853
398,0.016802466318256371
399,0.1328204638179957
400,0.66130666292983797
401,0.10448754579250513
402,0.0061399487895476956
403,0.07963007582087471
404,0.28746200021961316
405,0.18339119952120134
406,0.06288523663528775
407,0.020934324803324651
408,0.13858664549928701
409,0.056950652213657797
410,0.74495359634677527
411,0.078871853176577147
412,0.84400627234699821
413,0.039065694117970229
414,0.17890494378364091
415,0.8114191273359781
416,0.15922438492613225
417,0.64304185873350528
418,0.37934291506044343
419,0.58350106730112961
420,0.14462142567215427
421,0.86011109555429921
422,0.53714896021124114
423,0.26489404949182738
424,0.8018238250645584
425,0.25607477810827101
426,0.15637005153568004
427,0.064945440515434286
428,0.012498432470804864
429,0.00042633500796003678
430,0.94573504112854645
431,0.69956274100566118
432,0.13422329728062879
433,0.93296528300578341
434,0.19294006143840264
435,0.10114565085964643
436,0.050537413381661088
437,0.055658848983175704
438,0.87789634091097979
439,0.97869710376254382
440,0.065766755251981529
441,0.016913448817393002
442,0.72256039940904082
443,0.21325136916788448
444,0.010393842197976245
445,0.099095381334323995
446,0.83750175352768952
447,0.15840296522571312
448,0.14640756276485506
449,0.50486550510036687
450,0.044592785137362263
451,0.12539585238244502
452,0.4250492979960766
453,0.0052177626575766502
454,0.19867683224213334
455,0.054189662516908377
456,0.47552230208480867
457,0.19293487005537485
458,0.14871859923959685
459,0.19653576051832014
460,0.052398700769256117
461,0.080362596040023951
462,0.8052757944610528
463,0.083030531904446453
464,0.2602471230734581
465,0.12021294309196223
466,0.36765287649281997
467,0.96472699089341796
468,0.033546772530410773
469,0.27671916011244924
470,0.47378247463757461
471,0.61994276206327026
472,0.37812174968864215
473,0.61644472490936686
474,0.35993314041165453
475,0.92431080566343737
476,0.59967111807566342
477,0.59795011244497631
478,0.10026570620793915
479,0.24321590946818702
480,0.091424644261924301
481,0.11610831745410381
482,0.069899696189078334
483,0.074257368003221982
484,0.076346245691653616
485,0.12069566957835161
486,0.14326692790461312
487,0.9155129161729505
488,0.9523824617171911
489,0.014571529973977688
490,0.10381654921219237
491,0.13907470277257974
492,0.15922438492613225
493,0.58039732264115651
494,0.31637944646398736
495,0.26438937473983398
496,0.73251503994530776
497,0.15356335488581391
498,0.87050901531616942
499,0.066929409048294655
500,0.78158821979893955
501,0.12451878098079529
502,0.18956060086092535
503,0.37368378909546324
504,0.2439482702768882
505,0.54777400925619257
506,0.19856816653190851
507,0.036419087864225756
508,0.33159153233096772
509,0.11102981220377349
510,0.4425043766860251
511,0.2774523052395535
512,0.11256325018716853
513,0.40316968113021501
514,0.4944105798089985
515,0.23598479049283633
516,0.15029762459206181
517,0.059072578667354235
518,0.01615395373337546
519,0.013720856899943379
520,0.14080700612578889
521,0.2948325193280486
522,0.091472312462882302
523,0.98819343183110575
524,0.0012837864451925377
525,0.18188547889077653
526,0.4061271115231575
527,0.016028065516106818
528,0.12651790461417528
529,0.058521949524376567
530,0.080944432794336829
531,0.93742643130242675
532,0.096187174602549788
533,0.20772889154603813
534,0.92895492497906795
535,0.8168462780343867
536,0.079927990367490334
537,0.52555431021940269
538,0.14065335010311492
539,0.83091562513249451
540,0.28581734039628659
541,0.14101648863502386
542,0.11527562795715646
543,0.071806855898031527
544,0.71478497000076935
545,0.99855372370687467
546,0.9993231540573263
547,0.070602338742579304
548,0.68176109256795581
549,0.18222334227987777
550,0.83091562513249451
551,0.84389693622777395
552,0.26818000445346696
553,0.075123726365721191
554,0.21342585490666685
555,0.21538055918563878
556,0.34335967887011221
557,0.16122966174129899
558,0.076886975109099823
559,0.36826668983926264
560,0.06638362228754284
561,0.98300942124296031
562,0.21850917742107773
563,0.12152006298728922
564,0.90434430171175872
565,0.6729541072770181
566,0.14114761665105324
567,0.87024572849182569
568,0.25288734338209007
569,0.92759482875976751
570,0.11596214089989919
571,0.3197597831499851
572,0.15780337386281001
573,0.16928136156080939
574,0.76197227389065936
575,0.98841247679010602
576,0.62610636840738898
577,0.46903039876739117
578,0.46897158485383922
579,0.47229084195436555
580,0.53740330942072256
581,0.026030975184388998
582,0.87024572849182569
583,0.15275676531677992
584,0.1771936093319286
585,0.067404989857169584
586,0.16534681931264347
587,0.12176937964686689
588,0.65442442321688232
589,0.079360472375028773
590,0.029880957119753492
591,0.49009897495464788
592,0.15922438492613225
593,0.095280968667388
594,0.67746710294372647
595,0.4490211727269327
596,0.069029952414343496
597,0.99226463909927543
598,0.99041654850308747
599,0.73967800777630455
600,0.15922438492613225
601,0.97808917179009103
602,0.018726775818594239
603,0.20068633095488808
604,0.21265589059406284
605,0.9356832300388449
606,0.72555588011102945
607,0.99986420534185383
608,0.088965985052744237
609,0.019103059875613684
610,0.19319652052896655
611,0.15922438492613225
612,0.65992032094831221
613,0.13421671883410924
614,0.16572538110095972
615,0.44739708812824647
616,0.085615426716436446
617,0.091434504295959104
618,0.10420629051698767
619,0.069965667270189436
620,0.15922438492613225
621,0.9256063597199663
622,0.65519635887672001
623,0.21284978980255617
624,0.99413007182114976
625,0.14088048945586973
626,0.10384039583831393
627,0.13188950978419078
628,0.21758106111817563
629,0.0052022129430293104
630,0.54133874470554277
631,0.1490026598763729
632,0.47679686944525235
633,0.29776229910613911
634,0.40848478571413366
635,0.29566445119093004
636,0.039927621835806171
637,0.60241939116890131
638,0.09740845333373041
639,0.37351523070866866
640,0.42258512717928187
641,0.15633756409444755
642,0.95816974028418034
643,0.53562468209603964
644,0.077391010690630077
645,0.10296388655660475
646,0.24042411915026465
647,0.42221516289476713
648,0.15922438492613225
649,0.0042273476760293629
650,0.39586845345537619
651,0.69574288854617716
652,0.15565075240105114
653,0.32806116182451139
654,0.1113603821289707
655,0.70924300566197063
656,0.077201420390417219
657,0.037406157462076518
658,0.15046007545167983
659,0.29939137507223867
660,0.70812490392511673
661,0.44432082325593186
662,0.1601543431071496
663,0.095379243418098295
664,0.25884702669909132
665,0.0025312400343900747
666,0.22404702721318401
667,0.47687292188248148
668,0.15069477162582756
669,0.58934391019022847
670,0.19461312282783594
671,0.15922438492613225
672,0.9991765038073549
673,0.022413900449906952
674,0.28421223269908719
675,0.086791495151410492
676,0.037494512663613276
677,0.039336824894722969
678,0.12744273936849179
679,0.81944126515501226
680,0.069036847241304558
681,0.37588287184061803
682,0.029804034425478011
683,0.94199623729560489
684,0.15922438492613225
685,0.82424147108552481
686,0.6392260126685938
687,0.015365792085030638
688,0.27371539370365827
689,0.99613234246502402
690,0.99992983414906422
691,0.16436803494075394
692,0.13134083862863724
693,0.71519590919322218
694,0.94612723045326497
695,0.11453719174374273
696,0.059856901823250701
697,0.13750460063756148
698,0.13471871074708672
699,0.15922442363338965
700,0.83091562513249451
701,0.13152883816518507
702,0.93970110629686587
703,0.29888230085222017
704,0.72818845208044158
705,0.058883940661016258
706,0.20128402532277884
707,0.046503995616966207
708,0.011551998745540326
709,0.7851795232714498
710,0.11919968345707037
711,0.99687956210939166
712,0.0013421252339580383
713,0.071634891666115377
714,0.12560627050224477
715,0.15823202045517107
716,0.17841263355517151
717,0.24918501363374709
718,0.064484117570046379
719,0.54643429181653713
720,0.0489242937630417
721,0.83091562513249451
722,0.41884855781711017
723,0.11068828253779736
724,0.99990564533700632
725,0.65750804079098679
726,0.08124146922151089
727,0.016751634736006289
728,0.40782207932120068
729,0.14798193304404894
730,0.3621123932043806
731,0.035996926830269407
732,0.016109003708443773
733,0.0072374160932275168
734,0.08707937099144053
735,0.50614975028939813
736,0.25702714477343025
737,0.0025621491696824878
738,0.066287087631213729
739,0.16823935423118797
740,0.46405375482504729
741,0.96395699890075826
742,0.11542620265427635
743,0.12367278872116719
744,0.11131893223390275
745,0.69135953508045966
746,0.20053007937887202
747,0.84505770888710607
748,0.051822221011005885
749,0.041968950903830377
750,0.87689242187549066
751,0.3197597831499851
752,0.46987419147678899
753,0.20297896746017904
754,0.15922526447883295
755,0.77041874265401378
756,0.099269619874512216
757,0.10398983394295108
758,0.31752517389579843
759,0.200315226161634
760,0.15922438492613225
761,0.007769900402445731
762,0.1931711732258895
763,0.010254524371821783
764,0.12303618939966826
765,0.25143858764233201
766,0.096647515221736174
767,0.074279643099804948
768,0.094776807454945516
769,0.075789860562564218
770,0.74098688548267744
771,0.58441267220156135
772,0.36356484837183989
773,0.34156122466562633
774,0.24877476351694863
775,0.81310163920106915
776,0.02895593496257403
777,0.54785236510590052
778,0.99593215058926632
779,0.092206620343082774
780,0.070939325307837767
781,0.1146006249409494
782,0.15571291290224062
783,0.074746599132954089
784,0.074778134724218334
785,0.021632866325884282
786,0.77070104016381202
787,0.40694007646997638
788,0.11436459735956894
789,0.19546476961365825
790,0.06660924354677461
791,0.17647397387989711
792,0.060428443501825545
793,0.68587450127151706
794,0.14482712434008668
795,0.098905904013267251
796,0.1354937258596759
797,0.092813584278359049
798,0.79823926300800074
799,0.47985557155540298
800,0.031354340466606422
801,0.17881912995662946
802,0.90833121037577225
803,0.10397499261467412
804,0.31603473605910143
805,0.32081053384440561
806,0.49522387144791863
807,0.053621475845955335
808,0.56862683337585262
809,0.87266272721292304
810,0.038039376923661862
811,0.37316788826039132
812,0.18930218565983706
813,0.12440841729666785
814,0.10802870600490512
815,0.056633507602110576
816,0.15922438492613225
817,0.041030577609459142
818,0.99743622410367883
819,0.68321929766516787
820,0.072858454954019575
821,0.091466224828295736
822,0.053379834919018244
823,0.13062561400790035
824,0.047098621699167599
825,0.065676385039652965
826,0.0080416351415763792
827,0.076564393456695731
828,0.15073479307425491
829,0.042014443623467596
830,0.16103371925124779
831,0.97262038054867339
832,0.89365688041744118
833,0.60307562062220377
834,0.14870475577318723
835,0.1116667748250051
836,0.15922438492613225
837,0.99934354351382848
838,0.41262106027748419
839,0.19972995153838052
840,0.45140171775536114
841,0.97753941608598138
842,0.83091562513249451
843,0.21434579040584251
844,0.071429109227861678
845,0.043398499557090013
846,0.059395542852327607
847,0.20983173122150675
848,0.13932550685631617
849,0.42392490298634067
850,0.080537567427437562
851,0.11618306027838014
852,0.95482931343988342
853,0.15266437311030201
854,0.014034772748437655
855,0.98415313867069643
856,0.32598289579843664
857,0.048701099796084377
858,0.49427784634162175
859,0.42447367014278375
860,0.42911837970762595
861,0.99223431879072288
862,0.062281623320609082
863,0.033246290054907368
864,0.06492777676023638
865,0.74333839665555168
866,0.0040939349964148868
867,0.20358547134334173
868,0.1621218577033639
869,0.075657806586525253
870,0.39330535447791781
871,0.75283053989348492
872,0.13904657015601191
873,0.42920844273765368
874,0.1675209004112114
875,0.55586284552895082
876,0.095654498352448089
877,0.22367083363881207
878,0.53515174847327973
879,0.0040363589872339485
880,0.16394149867761046
881,0.22323064031596476
882,0.087914336678900737
883,0.26365801755430551
884,0.1355667986362761
885,0.94786053421750815
886,0.39399339110140025
887,0.012075821889512199
888,0.068773388849553294
889,0.3275414336881638
890,0.82445390297421861
891,0.26935134326009214
892,0.83768122380860266
893,0.088643613423605869
894,0.50300835056038251
895,0.028396573133365955
896,0.92735575646175061
897,0.092396143859977284
898,0.10171593991365978
899,0.090023566402761046
900,0.090879570534549842
901,0.44548634394679665
902,0.28147775663995483
903,0.14121924660131399
904,0.82664905617607631
905,0.030129416346400508
906,0.15708193948365295
907,0.99272350937391129
908,0.070281541716137388
909,0.90636181016794326
910,0.085631145613768514
911,0.63998332429305738
912,0.86149240035977404
913,0.17155452998507384
914,0.19734582183752128
915,0.12007291347164853
916,0.10401851630386807
917,0.34822226008042734
918,0.8062666043827138
919,0.53601347087178441
920,0.083560533535227674
921,0.17890494378364091
922,0.12679038666215328
923,0.86234306816142492
924,0.0047897890920282054
925,0.24943055181850951
926,0.36444356925537069
927,0.45968502963782282
928,0.21648967150888515
929,0.53739851220269852
930,0.27616867811858525
931,0.52187946555068265
932,0.74000583801399411
933,0.52137687051625348
934,0.72595104799299748
935,0.032633033231708741
936,0.1432760214654355
937,0.078938787226630891
938,0.098743319488412765
939,0.034057643918395338
940,0.99926850363382813
941,0.94159457636178634
942,0.068181922258244626
943,0.25214621821188871
944,0.11425052268429704
945,0.17242946687960298
946,0.10640872218885489
947,0.038348501198284798
948,0.041485530623774816
949,0.67484257471082876
950,0.086958781116600228
951,0.31917211916362365
952,0.13613426120827363
953,0.91161100585206745
954,0.86400079192287094
955,0.31576871030921705
956,0.15922438492613225
957,0.21253562749601682
958,0.5063272723540494
959,0.17949849745516669
960,0.74409751983190697
961,0.28903582770320685
962,0.1945898713376184
963,0.019192769362793217
964,0.99624503382973328
965,0.40337102155076932
966,0.20131617081078759
967,0.1422562257275298
968,0.10384039583831393
969,0.21308140446485185
970,0.045831017514571235
971,0.3880505633623057
972,0.067211878299695202
973,0.37030908251807199
974,0.0250728497807177
975,0.15922438492613225
976,0.37459202730694513
977,0.11163313909710162
978,0.46547938129436578
979,0.69412314222711802
980,0.62020529150081971
981,0.0015613275459141892
982,0.15842282307632621
983,0.09896462149144955
984,0.97394107017411435
985,0.64356085307554978
986,0.496260009267534
987,0.22348272694993526
988,0.1503060018025934
989,0.085443418741435642
990,0.27731265732133326
991,0.99850168730998923
992,0.21814981240517109
993,0.43872907380572956
994,7.1440156543535385e-05
995,0.18493564387201269
996,0.089892215154094332
997,0.10760269481952743
998,0.17297236186135204
999,0.1449853091899187
1000,0.52342666820135986
1001,0.2001400082622859
1002,0.22889439344271639
1003,0.15197121689235818
1004,0.8284625762611999
1005,0.11434769698436305
1006,0.1824061385499994
1007,0.25781184563195519
1008,0.33465338772175901
1009,0.7296485458381432
1010,0.97433111500184721
1011,0.10749582505368832
1012,0.42652865083435398
1013,0.08879104751203476
1014,0.2663677132949257
1015,0.99510759959863504
1016,0.12204297485746758
1017,0.13111329299542529
1018,0.15922438492613225
1019,0.49520865951161663
1020,0.12210487542650414
1021,0.10022181014701988
1022,0.074190457579607433
1023,0.9897444794549517
1024,0.16790083394167402
1025,0.3519412903746007
1026,0.17890494378364091
1027,0.19056673370176119
1028,0.16803034366354963
1029,0.00036844348486618034
1030,0.1139868628080281
1031,0.45069662513232811
1032,0.29193175001078969
1033,0.016206654109161191
1034,0.91547619032127148
1035,0.069836933973376758
1036,0.97753030918812478
1037,0.99740513526635077
1038,0.088256941634786465
1039,0.051113378859259019
1040,0.91170323120975161
1041,0.22109288899361604
1042,0.69357110378355036
1043,0.38741396018339297
1044,0.92289367211994511
1045,0.16698127787873052
1046,0.96771021848224081
1047,0.17005468223108694
1048,0.067699468768925283
1049,0.11080242207771109
1050,0.13042526076802921
1051,0.83845133905909397
1052,0.096015230407605234
1053,0.99975963568861581
1054,0.11356172082374144
1055,0.43237949047264373
1056,0.15488305500053409
1057,0.23916517886328345
1058,0.86090998124977169
1059,0.3184612405805135
1060,0.1972965479021066
1061,0.14018346384645594
1062,0.099644312364082083
1063,0.30497252978911732
1064,0.18035043627214795
1065,0.25829273578467093
1066,0.49183112182180078
1067,0.016442803552817908
1068,0.026935125637776957
1069,0.0060361431640158399
1070,0.28926211869197516
1071,0.21811266027353168
1072,0.30414441232447142
1073,0.91154778588734742
1074,0.050734519139166691
1075,0.13333154270037942
1076,0.013412569881994718
1077,0.91280519622519019
1078,0.010607040344532317
1079,0.0054919091081505359
1080,0.198191762455697
1081,0.032112483077187198
1082,0.17606223269811314
1083,0.045522788573224872
1084,0.037709546030703617
1085,0.036027970627309808
1086,0.28891796199141095
1087,0.13397149227846464
1088,0.01215996088072189
1089,0.047201926856809635
1090,0.0057789836553814467
1091,0.035742317573954685
1092,0.36490718994887072
1093,0.53545474961396122
1094,0.35915492664503174
1095,0.052102237999206491
1096,0.11116895851801258
1097,0.13206857809426803
1098,0.26506262049054657
1099,0.78355114987880925
1100,0.22639695675559335
1101,0.71555789914186319
1102,0.98052799352423659
1103,0.28926222912392385
1104,0.25557554249769054
1105,0.070815941804404078
1106,0.58338963133902377
1107,0.18242378954415639
1108,0.9916036867018293
1109,0.035908355588698808
1110,0.2391496618018584
1111,0.28372921760101211
1112,0.94534800726334389
1113,0.71541493580614113
1114,0.53758233206275641
1115,0.71937736020629395
1116,0.014639509792926738
1117,0.62784223558678676
1118,0.30182381536727998
1119,0.098412043389241283
1120,0.17095787311901725
1121,0.87466835842433233
1122,0.14223295068332636
1123,0.052631804964014726
1124,0.12191547808611301
1125,0.48063449635720323
1126,0.58923409124440773
1127,0.056275933774546892
1128,0.53393466908146658
1129,0.13771057032116096
1130,0.22508074220415378
1131,0.038139890207701671
1132,0.39827834500406517
1133,0.014737841951757364
1134,0.18171163104435839
1135,0.32309377072072371
1136,0.11958075334801774
1137,0.083975283957732849
1138,0.094357420797133829
1139,0.17452004795079493
1140,0.24287774342143331
1141,0.36305948769762419
1142,0.0041771739266203336
1143,0.085049805150272884
1144,0.17695685153056095
1145,0.1019782155693723
1146,0.20008658923897865
1147,0.14650294124797836
1148,0.089905061390931976
1149,0.29525993269115525
1150,1.622178495369372e-08
1151,0.4351187182594477
1152,0.70857235844287403
1153,0.85071981033229804
1154,0.25085803663508682
1155,0.086642851322910788
1156,0.18992678769206459
1157,0.080834952740895083
1158,0.12392739550291849
1159,0.031613402721692691
1160,0.00095910794509041148
1161,0.2489412609959849
1162,0.11347347038770432
1163,0.36765287649281997
1164,0.31379072350258824
1165,0.085825966000913675
1166,0.18149051755826295
1167,0.16261744571570827
1168,0.46987434547398499
1169,0.15922438492613225
1170,0.32253619018407326
1171,0.51801250818707034
1172,0.22598246597929844
1173,0.10967197606221572
1174,0.14925424851156963
1175,0.5920463628597924
1176,0.69362937481500087
1177,0.15646840080521754
1178,0.26158396320414168
1179,0.0903284537766018
1180,0.028089059323313598
1181,0.55811353633429206
1182,0.13355202653632331
1183,0.053828021311407591
1184,0.2515236349042852
1185,0.010100129882050205
1186,0.53241994743430432
1187,0.025764461205627684
1188,0.016013479353528211
1189,0.013146876105458167
1190,0.098390634846808878
1191,0.064365555559169271
1192,0.67546210691665909
1193,0.15600025911497312
1194,0.53694019159414874
1195,0.5499281934764243
1196,0.18617909116228787
1197,0.27260284482241942
1198,0.58874240411451084
1199,0.14873656648941108
1200,0.05858418486800588
1201,0.11444263976219228
1202,0.043317847512934653
1203,0.91866503372242714
1204,0.26667203794879357
1205,0.18071805128377408
1206,0.38068305416000964
1207,0.16272112593506452
1208,0.45559039832213882
1209,0.65960758584533652
1210,0.97981530069081135
1211,0.17890494378364091
1212,0.15922438492613225
1213,0.098514054514832416
1214,0.16100103291288873
1215,0.38346957670841819
1216,0.13613238464762481
1217,0.40531418685844284
1218,0.25202669753886409
1219,0.13403033550159651
1220,0.33755869308672087
1221,0.84625802892490565
1222,0.079633461569965217
1223,0.99960966246513927
1224,0.49934544889606697
1225,0.30647570584117484
1226,0.23274237456618324
1227,0.14541263767889701
1228,0.12187753585387508
1229,0.44120718683633725
1230,0.646618651636232
1231,0.17930635750677212
1232,0.26641500482166219
1233,0.094304061245787468
1234,0.14322581858723257
1235,0.12959472338758402
1236,0.33899862455690993
1237,0.42393155751439582
1238,0.43726171686365695
1239,0.53701116690565842
1240,0.20290132557129084
1241,0.19896688880946645
1242,0.63998332429305738
1243,0.17542562519503985
1244,0.13905668467628929
1245,0.97957704084226382
1246,0.20180686004579557
1247,0.1805358185875528
1248,0.31628687076381296
1249,0.080962176687809209
1250,0.89245337944838399
1251,0.98996576777545631
1252,0.81196694988813534
1253,0.085754548631231164
1254,0.828358396651388
1255,0.2047596039215635
1256,0.067343347084363347
1257,0.035847520177854135
1258,0.23620660764425805
1259,0.84082450212594728
1260,0.082558274065905324
1261,0.11425052268429704
1262,0.16912454848706915
1263,0.28354236310852238
1264,0.15668535351810456
1265,0.14586325539194375
1266,0.80256357966093139
1267,0.2620641455580186
1268,8.8506483548356042e-05
1269,0.15694338228852336
1270,0.21013037202139997
1271,0.99163161835894897
1272,0.15922438492613225
1273,0.8467513274002213
1274,0.1490026598763729
1275,0.70121674727799777
1276,0.15569187266439263
1277,0.25022755286540854
1278,0.1561642880309613
1279,0.20450025156568868
1280,0.90809641639603789
1281,0.80494573285937554
1282,0.76170476655889774
1283,0.15922438492613225
1284,0.8467513274002213
1285,0.00071823454932793817
1286,0.097982682836360066
1287,0.086658218696449005
1288,0.43402024274087014
1289,0.89272600332651819
1290,0.48285947544043495
1291,0.039398188184409044
1292,0.10714675842418263
1293,0.41118642551810408
1294,0.078017612129612529
1295,0.29267968832548985
1296,0.27619807703683469
1297,0.032887787284786925
1298,0.0064249928803778852
1299,0.15922438492613225
1300,0.69227090906868349
1301,0.19767478144115863
1302,0.035825602460464553
1303,0.73742435507104953
1304,0.9179950266973379
1305,0.14471645185645365
1306,0.12824155758840033
1307,0.12018888774897832
1308,0.20537909873655089
1309,0.57547497812881143
1310,0.13976987309086492
1311,0.15360963108524647
1312,0.3127283636166775
1313,0.65045115698463696
1314,0.888454581805046
1315,0.25029109274747258
1316,0.39318867248684175
1317,0.073347531097641944
1318,0.031803071190255099
1319,0.1746581984413686
1320,0.16277478743077595
1321,0.88580198928669951
1322,0.088772217905204467
1323,0.158260626674149
1324,0.16242636414737427
1325,0.27448468497302692
1326,0.20181198354265611
1327,0.13127927728875277
1328,0.99455908032108609
1329,0.034243648350136484
1330,0.20762676251359169
1331,0.034592211097383967
1332,0.3568611839728022
1333,0.18594698069295792
1334,0.038301673722405491
1335,0.94257903862786097
1336,0.052519310672723411
1337,0.23082001496571788
1338,0.18102552057909882
1339,0.051058407508366113
1340,0.087612008089040447
1341,0.070456030882444481
1342,0.65057349365636341
1343,0.001069463579722192
1344,0.3197597831499851
1345,0.9034422908919485
1346,0.047682141512845728
1347,0.11496873605484874
1348,0.070019057468988899
1349,0.20988722550766806
1350,0.2522743035147102
1351,0.057511645913679264
1352,0.12456608296392029
1353,0.12204297485746758
1354,0.14649359141744153
1355,0.11896316684509366
1356,0.11902520346990701
1357,0.95668628352252716
1358,0.10801857310926027
1359,0.66820213031134612
1360,0.25248568751183076
1361,0.039816793463023956
1362,0.93201766140775499
1363,0.32935531342607011
1364,0.32823169271041291
1365,0.18302770792093226
1366,0.20790642984757945
1367,0.44418269325756876
1368,0.10226507385441962
1369,0.99996254517796856
1370,0.093038096872265913
1371,0.053988746173295812
1372,0.89303758119750365
1373,0.054361910597473792
1374,0.37742111837466469
1375,0.77544510286630419
1376,0.89293087644256075
1377,0.26775337527922205
1378,0.027407442700243336
1379,0.77638014470010697
1380,0.17300295622091363
1381,0.12701208779357928
1382,0.023279640758390382
1383,0.13284290791474584
1384,0.085059954431542489
1385,0.35585759870956252
1386,0.28200523432856128
1387,0.23260314393328599
1388,0.95895076283314995
1389,0.74219147258551166
1390,0.76428320848209441
1391,0.028137225025613763
1392,0.27624518886632038
1393,0.99893530256615726
1394,0.087914336678900737
1395,0.3197597831499851
1396,0.034431869941868698
1397,0.7573642684824714
1398,0.29852559185101646
1399,0.05809610429869283
1400,0.07114845881079418
1401,0.62184478059160941
1402,0.085788108728694024
1403,0.15206179103289891
1404,0.94714648207067387
1405,0.34512926195306881
1406,0.36163254578101683
1407,0.18737313173323461
1408,0.86103961325095535
1409,0.12703059494872374
1410,0.1490026598763729
1411,0.20620907734705263
1412,0.010850785112764858
1413,0.13680810617625597
1414,0.035751548512305317
1415,0.09481574659683531
1416,0.84060321464243859
1417,0.81310163920106915
1418,0.3268088009655844
1419,0.80811449629220433
1420,0.48379744431220767
1421,0.20850105697346344
1422,0.14798185642309822
1423,0.24651106969917072
1424,0.25758569968693101
1425,0.7120673504185665
1426,0.19211570291553531
1427,0.17623270763322638
1428,0.016351236023716641
1429,0.12689012090341933
1430,0.83937925226419519
1431,0.21976838167686083
1432,0.22662255941128889
1433,0.0088095459980152297
1434,0.91735021805900885
1435,0.13452376367141633
1436,0.12771943942375949
1437,0.11876046756289692
1438,0.067972036451040593
1439,0.79229411010437811
1440,0.83091562513249451
1441,0.77733850850320174
1442,0.3171841615282221
1443,0.059367526669796916
1444,0.14301236225297781
1445,0.19287409159146846
1446,0.036556398430877698
1447,0.091691161428357371
1448,0.14809371304845806
1449,0.36479604063849519
1450,0.051960278810389497
1451,0.15922438492613225
1452,0.11817605917299162
1453,0.09420324078251649
1454,0.014202366590470196
1455,0.45344570196477163
1456,0.095980905056568283
1457,0.39824327690358163
1458,0.1772285231214854
1459,0.9469503708387178
1460,0.36765287649281997
1461,0.99566687282923583
1462,0.38035826863712058
1463,0.16396282284684469
1464,0.034223748343768082
1465,0.15606776013119233
1466,0.21325136916788448
1467,0.10961821823224314
1468,0.15922438492613225
1469,0.001168830779364749
1470,0.40071240237821371
1471,0.99577398370808712
1472,0.99269887005134005
1473,0.25719716480722954
1474,0.087412974044198608
1475,0.76148527064741978
1476,0.19047211770568029
1477,0.13129324961203753
1478,0.23307875154053764
1479,0.16150500127503994
1480,0.15922438492613225
1481,0.21465657710301675
1482,0.049802603388610887
1483,0.037902139530173524
1484,0.63998332429305738
1485,0.47588026981585196
1486,0.13904657015601191
1487,0.13106212835974859
1488,0.11612483917636125
1489,0.3107129813365137
1490,0.67438110536507478
1491,0.587378215065118
1492,0.040652458460373131
1493,0.17980987597004497
1494,0.92232390314540125
1495,0.24661345486233041
1496,0.11663105746592368
1497,0.12591529915754215
1498,0.20120013378997503
1499,0.87024365214926924
1500,0.024293042841345758
1501,0.44962783886044155
1502,0.10809727143291345
1503,0.041953524045528462
1504,0.23764259633901824
1505,0.075363802020315077
1506,0.83091562513249451
1507,0.0017985630680843081
1508,0.059861577051019972
1509,0.15559869336036519
1510,0.0073187020161804292
1511,0.0089333036828161735
1512,0.50658367898422207
1513,0.87065505804432719
1514,0.067595655725144435
1515,0.13721177405566293
1516,0.045271599178048183
1517,0.14586325539194375
1518,0.19808887999712652
1519,0.060990682063317363
1520,0.019666265167836976
1521,0.12113310882330161
1522,0.69863509914188893
1523,0.14703117508793112
1524,0.10918408669577309
1525,0.12560627050224477
1526,0.021520385711061144
1527,0.23397157069847041
1528,0.10987525255337331
1529,0.001208037321758441
1530,0.039925236418053428
1531,0.21237465444813364
1532,0.14267003960540273
1533,0.15922438492613225
1534,0.46190578355259765
1535,0.64863037059793249
1536,0.0057423669842984635
1537,0.10519836154070737
1538,0.43983249371144395
1539,0.8654680854634379
1540,0.28315049151246235
1541,0.16080472602780296
1542,0.0033106060173811935
1543,0.2945573499090412
1544,0.36355897466310072
1545,0.12676792721430136
1546,0.015175751497859057
1547,0.11425052268429704
1548,0.1679330947530894
1549,0.092484961043942451
1550,0.096218148317802926
1551,0.10010391400448074
1552,0.0047580268356365862
1553,0.42381240001793852
1554,0.9992597750923562
1555,0.150275648173604
1556,0.63691850704907349
1557,0.042472175930980016
1558,0.053628211997328958
1559,0.21104941168611319
1560,0.068956339011492881
1561,0.28496322359286763
1562,0.17266128260108116
1563,0.12008477517953571
1564,0.85303410211440045
1565,0.12087990019870648
1566,0.200977136793595
1567,0.070887032710598888
1568,0.077322994555830332
1569,0.068372403823184519
1570,0.84169591334402627
1571,0.0018771413626979614
1572,0.15922438492613225
1573,0.028182571776476345
1574,0.39206781054833295
1575,0.98491516163624837
1576,0.080641424740888243
1577,0.020479340064746662
1578,0.098996479389138678
1579,0.16084272249191878
1580,0.35270477043740839
1581,0.39848955439099831
1582,0.51707582468870272
1583,0.2268716528035287
1584,0.69716535175820493
1585,0.049641012708100646
1586,0.081945404638367622
1587,0.066026871789560834
1588,0.22185400134962505
1589,0.99892109745368995
1590,0.00089150910147961005
1591,0.86987927090877648
1592,0.71239862546969268
1593,0.15508147194320454
1594,0.10119936165368913
1595,0.91093111284261241
1596,0.002524962030046974
1597,0.049146361006334481
1598,0.22472948019301936
1599,0.15112886904401654
1600,0.022707733537611064
1601,0.90483298258813893
1602,0.20287028798769427
1603,0.088734643885276673
1604,0.25747000790411062
1605,0.55609260872145894
1606,0.8512398058070455
1607,0.27801467942017999
1608,0.11649667342715156
1609,0.85038285397954227
1610,0.013439897254303624
1611,0.083302586580370291
1612,0.10061301920030716
1613,0.9502392055023634
1614,0.84659721648469877
1615,0.10051568335365244
1616,0.79489138316258878
1617,0.35626087427084902
1618,0.11564549965061591
1619,0.33683308944297102
1620,0.12034414756794361
1621,0.20467225823803512
1622,0.40115444353043056
1623,0.10048738541562935
1624,0.68738645992922687
1625,0.032597321580819127
1626,0.10685867426196344
1627,0.053814413150578472
1628,0.071683410518900828
1629,0.13965080846227945
1630,0.52578648578717646
1631,0.99341568135528024
1632,0.24259884950983523
1633,0.59415360932116257
1634,0.952250045860912
1635,0.067776635161818602
1636,0.27267997224485452
1637,0.27486577556025099
1638,0.15105150403931275
1639,0.0083667169050318686
1640,0.12304924404887754
1641,0.11719560881247919
1642,0.10012249952505471
1643,0.96023651525783493
1644,0.17119240237632341
1645,0.43667946072512059
1646,0.098226415718592502
1647,0.18428236880137319
1648,0.30668543499522516
1649,0.21752620226232533
1650,0.074164098588214447
1651,0.14962054586910822
1652,0.33423763348112578
1653,0.12253419920596328
1654,0.60550624182351076
1655,0.037096806864182721
1656,0.30809961904112609
1657,0.14545942488835537
1658,0.10900974264364897
1659,0.010724555419241688
1660,0.62170800071224797
1661,0.8467513274002213
1662,0.030093222873878906
1663,0.092464361816242568
1664,0.054346594080502519
1665,0.15922438492613225
1666,0.28292321621635153
1667,0.38929368266681491
1668,0.35231264602028262
1669,0.91952533094264643
1670,0.015335089536994462
1671,0.25258356194135323
1672,0.14822907146835654
1673,0.14518535623822346
1674,0.14766367603010191
1675,0.40485783371140355
1676,0.99917331925249553
1677,0.27866632025202553
1678,0.31891990164412148
1679,0.017712620574684763
1680,0.12557566795695171
1681,0.48538768916970593
1682,0.14867309482671157
1683,0.13933371437391362
1684,0.097019279104825773
1685,0.083715195214155852
1686,0.051887640523941951
1687,0.25477857813560822
1688,0.24585492345452828
1689,0.7420804291979326
1690,0.12053879005646563
1691,0.069333713555307486
1692,0.99964661682938893
1693,0.84625802892490565
1694,0.1183163385024314
1695,0.19124113873807941
1696,0.17187938949800968
1697,0.099519618991350894
1698,0.064155278493812432
1699,0.12627689249844834
1700,0.038950447463418525
1701,0.10412872474197936
1702,0.13933494293232795
1703,0.37159831734972681
1704,0.058272177817964579
1705,0.057970002371764362
1706,0.10551437940776623
1707,0.13721177405566293
1708,0.83091562513249451
1709,0.4546465634024715
1710,0.39148739846742153
1711,0.2687168288173486
1712,0.7987631227543881
1713,0.12655816559942523
1714,0.099644312364082083
1715,0.066416371575803212
1716,0.13284106350257827
1717,0.075363802020315077
1718,0.10328508937318308
1719,0.13073820418031112
1720,0.77338406445747754
1721,0.63441689554561453
1722,0.097878454141723012
1723,0.77948928407371421
1724,0.13641880347445898
1725,0.022636955661184625
1726,0.12553690319179842
1727,0.13752064738542275
1728,0.11231113377556928
1729,0.06465776925191774
1730,0.99655566552531505
1731,0.043086617025280646
1732,0.43369242485292736
1733,0.18555381303792373
1734,0.81310163920106915
1735,0.19596942436499326
1736,0.098237536368584968
1737,0.82891746014612777
1738,0.41423238065100582
1739,0.18767692935976479
1740,0.39622900756401841
1741,0.18617676012989404
1742,0.22068778262399352
1743,0.043253020473104954
1744,0.14647648329868845
1745,0.02903384891216956
1746,0.46832734660254771
1747,0.128414118369125
1748,0.3197597831499851
1749,0.99877584390736651
1750,0.061881132747259697
1751,0.21933475836835598
1752,0.059718191703503398
1753,0.26689059204328991
1754,0.87354219027049274
1755,0.055978609139888807
1756,0.2069763138274735
1757,0.98303269258708037
1758,0.99967936375511968
1759,0.17967750557384982
1760,0.096582937984481906
1761,0.99361442489212248
1762,0.051372188793378959
1763,0.11836698984997615
1764,0.81310163920106915
1765,0.13718331184244348
1766,0.28866484925679681
1767,0.42393155751439582
1768,0.83741333941627161
1769,0.088713521624649058
1770,0.90453537669050621
1771,0.10875386607657576
1772,0.70484970286242876
1773,0.033458557720359459
1774,0.1253958376405884
1775,0.71105513557436106
1776,0.52481598522369544
1777,0.13287390372768992
1778,0.06583416648751339
1779,0.14517041891485008
1780,0.1959364767637676
1781,0.017401198452947561
1782,0.054563795353027994
1783,0.50181471576038505
1784,0.88296375361230928
1785,0.73512822476255368
1786,0.078984356655130178
1787,0.18184514111515454
1788,0.21121030118788378
1789,0.031653667838566164
1790,0.15922438492613225
1791,0.807784341600293
1792,0.016418861864218405
1793,0.17378889736115957
1794,0.081860684694035346
1795,0.14678599368393791
1796,0.99999999991972333
1797,0.53236548761323776
1798,0.084950832719611083
1799,0.22999039075828384
1800,0.12955214638530843
1801,0.12128671244921498
1802,0.23602583728241103
1803,0.47747756847752815
1804,0.10680806520402437
1805,0.31314600119630537
1806,0.11300700084845328
1807,0.31730004945862322
1808,0.59045893530736815
1809,0.15922438492613225
1810,0.15673736653030645
1811,0.15524727639903441
1812,0.12191547808611301
1813,0.39598638815632509
1814,0.20562702653498924
1815,0.20892277550092977
1816,0.13782271993936676
1817,0.099291173835482249
1818,0.91964293010109943
1819,0.068436483943496357
1820,0.15922438492613225
1821,0.45668751642738958
1822,0.70261996232040203
1823,0.072168982143077182
1824,0.96658224697989836
1825,0.14369804494812422
1826,0.33420015956391685
1827,0.19340380931385745
1828,0.28700954243760785
1829,0.2462023318146081
1830,0.47305403848230887
1831,0.070886915012793109
1832,0.19984587795985551
1833,0.11914609689831919
1834,0.43652051437710038
1835,0.69799775840857492
1836,0.13638923528094959
1837,0.22613697631139171
1838,0.8107425525227604
1839,0.28762085344805977
1840,0.14191853676901037
1841,0.90815430862927704
1842,0.11433739789768872
1843,0.55978475010086459
1844,0.7953533856407039
1845,0.029871601181794782
1846,0.21998497603122524
1847,0.11916649851520586
1848,0.023406413699460088
1849,0.30855862276378693
1850,0.01460441883348439
1851,0.13867174669698765
1852,0.6659023440129741
1853,0.052857128976310709
1854,0.14215407880119618
1855,0.31693010643353148
1856,0.15684362367058036
1857,0.84889485808320364
1858,0.087914336678900737
1859,0.31285189159634885
1860,0.26255768993933637
1861,0.088040383624580873
1862,0.01278826761553109
1863,0.63501990496708804
1864,0.1692152957934859
1865,0.28241646216789179
1866,0.1142327741772379
1867,0.033930539463928502
1868,0.07929884873874242
1869,0.90174189875795463
1870,0.99978371631488805
1871,0.8546317184734038
1872,0.15106022436350766
1873,0.15922438492613225
1874,0.093657371748477575
1875,0.17680459919904096
1876,0.096509186101904065
1877,0.16011876684813575
1878,0.11088313821643202
1879,0.01977973843056571
1880,0.34538132606993027
1881,0.27346054190980301
1882,0.15046655734321573
1883,0.97690869720791995
1884,0.0080321071329816935
1885,0.81310163920106915
1886,0.39699409289929799
1887,0.18167574924883931
1888,0.019324017490295754
1889,0.23918332474927329
1890,0.079768579930157874
1891,0.47408409981204996
1892,0.22192407142514103
1893,0.23936110993362836
1894,0.066443540407968404
1895,0.0019961049404921059
1896,0.14821659085719344
1897,0.034575461321813633
1898,0.48697217934328607
1899,0.99315748736453058
1900,0.32735189137634979
1901,0.38896833302993955
1902,0.12904068905961094
1903,0.10022181014701988
1904,0.161510261695271
1905,0.089865416719707089
1906,0.045482446983299375
1907,0.36225736115806512
1908,0.41888995369432491
1909,0.10150898525347964
1910,0.67187843462005403
1911,0.15437594585149264
1912,0.54140073972173608
1913,0.20003037560968934
1914,0.58629213227398902
1915,0.063799018354061848
1916,0.219052506752903
1917,0.88512910055957872
1918,0.17363220127405116
1919,0.10946390469007639
1920,0.14724773929780058
1921,0.98509690178639575
1922,0.80337402059469798
1923,0.14724773929780058
1924,0.29062509435961426
1925,0.11023752926560255
1926,0.0061065402357945997
1927,0.03115094175090076
1928,0.44139835646632536
1929,0.076087613000509938
1930,0.82259571312897728
1931,0.1454843516649528
1932,0.0014390475329599701
1933,0.21815873439852773
1934,0.4775603693391009
1935,0.3183379469821101
1936,0.09141904477627924
1937,0.048042901131410631
1938,0.063463102230136778
1939,0.8467513274002213
1940,0.99592488546383373
1941,0.63274627906587855
1942,0.16242636414737427
1943,0.050980801991580324
1944,0.83403153883274794
1945,0.10946390469007639
1946,0.16411285371306206
1947,0.11048100387738616
1948,0.92677554417913388
1949,0.26758222398428444
1950,0.18405218873600887
1951,0.16940747271328624
1952,0.00075053684571445983
1953,0.25876917436794111
1954,0.25537290727621742
1955,0.31211915020933412
1956,0.028200653466090783
1957,0.28407070055005867
1958,0.83091562513249451
1959,0.37387811427231749
1960,0.11425052268429704
1961,0.027200160060586915
1962,0.30934760659435362
1963,0.1824237464208204
1964,0.19223194183375597
1965,0.80319415349906254
1966,0.99996492424196937
1967,0.31071064263979237
1968,0.11484139840180428
1969,0.14874762629424468
1970,0.87980530674916491
1971,0.5316626653048373
1972,0.084754433466746312
1973,0.1381435285088797
1974,0.025222324310429898
1975,0.95702379071949883
1976,0.1258767767099945
1977,0.013398667794389378
1978,0.15455437952034792
1979,0.49103309242500615
1980,0.99237046279610286
1981,0.053474647556915181
1982,0.8467513274002213
1983,0.88790525965374445
1984,0.12306691660615615
1985,0.14592717364088967
1986,0.22854510403423497
1987,0.43900025993897895
1988,0.12655798403318125
1989,0.23769395130910373
1990,0.063143502496714479
1991,0.025295973469532301
1992,0.16019468552857324
1993,0.13499754551479315
1994,0.91056963447190731
1995,0.19764346285662224
1996,0.22730603805979083
1997,0.14540344829186577
1998,0.10001523780782588
1999,0.37045418296433752
2000,0.3790331896283296
2001,0.37819850376738151
2002,0.020297158058450726
2003,0.19949569374887374
2004,0.056400034429824587
2005,0.46143670596403075
2006,0.074762160117699816
2007,0.76408356568146363
2008,0.4250945642358499
2009,0.15922438492613225
2010,0.3197597831499851
2011,0.018850438790121233
2012,0.24778615432061152
2013,0.99999889290609323
2014,0.63655664514489285
2015,0.10499855041120772
2016,0.18769291934793342
2017,0.64854502379432011
2018,0.0084373773009785626
2019,0.074014727876290903
2020,0.010983280429767485
2021,0.53509672023504518
2022,0.17219478927630397
2023,0.61138698920589496
2024,0.049198241220098388
2025,0.03800517065413915
2026,0.55649913003142171
2027,0.050639897711804938
2028,0.79914691736719157
2029,0.067257213310730313
2030,0.06529031977354452
2031,0.98737556777852298
2032,0.35018052932970506
2033,0.039636470398921791
2034,0.11936680757221446
2035,0.21347046752588306
2036,0.094651967984327748
2037,0.58274736676065531
2038,0.011617249052028013
2039,0.21902280228831408
2040,0.15922438492613225
2041,0.055425503916391443
2042,0.056529405742428977
2043,0.55546194755031897
2044,0.045815030969579715
2045,0.24916933215461318
2046,0.011574936399569172
2047,0.012159412152730777
2048,0.83091562513249451
2049,0.14249505524256201
2050,0.64832357777107585
2051,0.62405584520370727
2052,0.11425052268429704
2053,0.05242129940808004
2054,0.14586325539194375
2055,0.31296475198363505
2056,0.95831202623455747
2057,0.38995571370451831
2058,0.24109453777874776
2059,0.98474624314636972
2060,0.11396928400190481
2061,0.20163854452689295
2062,0.80190623226884949
2063,0.011132564643570026
2064,0.4256020529111928
2065,0.0013006092291323976
2066,0.043628543234395252
2067,0.24561117568472213
2068,0.21195552319051297
2069,0.15922438492613225
2070,0.24923968212585723
2071,0.030871980070710816
2072,0.15922438492613225
2073,0.084688381250190056
2074,0.42734044525647896
2075,0.22337086352701799
2076,0.0033575086152577171
2077,0.2221510130392497
2078,0.32907153449893023
2079,0.8808868498105813
2080,0.056159814120524967
2081,0.91707231453007121
2082,0.059522468401128487
2083,0.15925588509534067
2084,0.26717970951395698
2085,0.081074002773499104
2086,0.29054741777497839
2087,0.1633919534383782
2088,0.79176002147780244
2089,0.21763780405393413
2090,0.091290662462144942
2091,0.13170069092614559
2092,0.052072792399905782
2093,0.18954669440802471
2094,0.030945262053203648
2095,0.11343292157217914
2096,0.15922438492613225
2097,0.067934276097575783
2098,0.063459884461262606
2099,0.97978722935399543
2100,0.1750132912834623
2101,0.50907441518789653
2102,0.35869472648539957
2103,0.2453920264112889
2104,0.5850208813547928
2105,0.71494312073558219
2106,0.9337350344438311
2107,0.14100211203837473
2108,0.17569655688887253
2109,0.16099855154207535
2110,0.18542317188141391
2111,0.095268345926625864
2112,0.46637365531025909
2113,0.83091562513249451
2114,0.085250464083371114
2115,0.15922438492613225
2116,0.10289817830426361
2117,0.14972853524632782
2118,0.49644404086401328
2119,0.381335293392075
2120,0.34222252870690273
2121,0.078535906937628436
2122,0.18658716296552802
2123,0.094165450952877455
2124,0.83780897163379042
2125,0.059676766441657654
2126,0.97780384255338482
2127,0.53799529601253493
2128,0.11523791932100916
2129,0.15696660281626354
2130,0.75945803881333462
2131,0.099711105663994673
2132,0.45868444935211822
2133,0.2977042585992109
2134,0.1657442430725258
2135,0.96217275051868489
2136,0.15922438492613225
2137,0.065806299278700645
2138,0.15109634908940425
2139,0.74347841526527614
2140,0.075363802020315077
2141,0.13189378440460012
2142,1.2401501127586878e-05
2143,0.011800291757710257
2144,0.11878992858829576
2145,0.029678979568123875
2146,0.022428808586150553
2147,0.12182906260713174
2148,0.20303244485762628
2149,0.075846345599490689
2150,0.060392501050559114
2151,0.03287039784267972
2152,0.77818178801603466
2153,0.044877654578418427
2154,0.056690712494332378
2155,0.27138246148186429
2156,0.084312450985736254
2157,0.14145956939814511
2158,0.99489517373810787
2159,0.12201617136568794
2160,0.98315633260821755
2161,0.0039727838087034789
2162,0.15929330255742441
2163,0.15875925239768576
2164,0.21324551919314008
2165,0.2782750510467385
2166,0.685676803463797
2167,0.046715406383935627
2168,0.56511014186743547
2169,0.77227973846842812
2170,0.64288468457872661
2171,0.076435036365437345
2172,0.8467513274002213
2173,0.035716374475521027
2174,0.44288673394443395
2175,0.19344468413452207
2176,0.069081371172941039
2177,0.066456527638942511
2178,0.33965960845150628
2179,0.9233576363267243
2180,0.14274722371521434
2181,0.066416371575803212
2182,0.067003510593216062
2183,0.21271717177585395
2184,0.18829089606112234
2185,0.57608217491855995
2186,0.97453301116547753
2187,0.10084139998484674
2188,0.20171292052998205
2189,0.022896446988073194
2190,0.23619709828930452
2191,0.30608749694178045
2192,0.24386993270625354
2193,0.29964761020565456
2194,0.1341671078499021
2195,0.70863027939694956
2196,0.23717642285446042
2197,0.8103048074155389
2198,0.22310068770295061
2199,0.97007587910596627
2200,0.47765983883730678
2201,0.32655036898949341
2202,0.055365786162683166
2203,0.33607253169972184
2204,0.86978889948018023
2205,0.95114853803747779
2206,0.056374081231565204
2207,0.15377440916747398
2208,0.40297650379603883
2209,0.1310280650530207
2210,0.062615913289741698
2211,0.77922454164015997
2212,0.075787393358699467
2213,0.15922438492613225
2214,0.18698518146640578
2215,0.39498739250805365
2216,0.21855035034681358
2217,0.024791414866127473
2218,0.80581553668525618
2219,0.061710561100411773
2220,0.82782796228963529
2221,0.017642871500270146
2222,0.3197597831499851
2223,0.15922438492613225
2224,0.12802684291841959
2225,0.30101743170715511
2226,0.99552670012984779
2227,0.16820079122569401
2228,0.54428432888705136
2229,0.0047623481226684201
2230,0.32955248715376911
2231,0.68215084914696089
2232,0.95943761243949921
2233,0.19315602485912173
2234,0.20533424357175059
2235,0.01610753208016687
